,vacancy_id
0,131765894
1,130285387
2,128539097
3,131619736
4,131478467
5,131736456
6,131742054
7,130689951
8,131576417
9,131560605
10,131562456
11,131520640
12,131551654
13,131666245
14,131560538
15,131392936
16,131392893
17,130961535
18,131503916
19,131239016
20,131546356
21,131040143
22,131183152
23,131292282
24,128916026
28,130880927
29,131676356
30,131226379
31,130379523
32,131188794
34,131550326
35,131550327
36,131550328
37,130372543
38,131749512
39,130403792
41,131449167
42,131116844
43,131517186
45,131518157
46,130618847
47,131554397
49,130581487
50,131267217
52,131485364
53,130793004
54,130510215
55,131455554
57,131318710
58,131330968
62,131175128
66,131373625
68,131293843
69,129701354
72,131126203
73,131126167
74,131126124
75,131125557
76,131170153
78,131123088
80,131297421
81,131297422
82,131297423
83,131736997
84,131736874
85,131624083
86,131174334
88,130968313
92,131251209
94,131522926
95,125725578
97,130972033
98,130978125
99,129723226
100,129723227
101,131430041
103,129661922
106,130998419
107,131031310
108,131464058
109,127957960
112,131085308
114,131430599
115,131257934
118,131347091
119,131155517
121,131358043
122,129498881
123,131666367
124,131314510
125,131707186
127,131370456
128,131717217
129,130970296
132,131656030
134,129370191
135,131049880
136,130043408
137,131613277
139,130261963
140,131517420
143,131579291
144,131635138
146,131469416
147,131214186
148,131502283
149,131321259
151,131124032
153,130995687
154,131168194
155,131376259
156,131311969
157,131350367
158,129524194
161,130311866
166,129515507
167,131247794
168,131196555
170,130132093
171,131122190
175,131055649
176,130182438
177,130995442
178,131052549
179,130979849
185,131550329
186,131550330
187,131550331
188,131550332
189,131550333
190,131126098
191,131297424
192,130501805
193,130501806
194,130501807
195,130124266
196,131772124
197,131787640
199,131793910
200,131795890
201,131178706
202,131772324
203,131177730
204,131784815
205,131777056
207,131662056
208,131796227
209,131773663
210,131793485
211,131793486
212,131775711
213,131596005
214,131795220
215,131734070
216,131733139
217,131764713
218,131515154
219,131481670
220,131753836
221,131621248
222,131664397
223,131230130
224,131329269
225,130432930
226,131052048
227,131514305
228,131768383
229,129433377
231,130534264
232,130411218
233,131700443
234,131425526
235,131319240
239,131757950
240,131754963
241,129606947
242,131754057
243,130927257
244,131002324
245,130487084
246,130926603
247,130926604
248,131713032
249,131781508
250,131765138
251,131733030
253,131021715
254,131021716
255,131720714
257,131657596
258,130971825
260,131166675
261,130891619
262,131714527
263,131724217
264,131717754
265,131700785
266,130973583
267,131726626
268,131436393
269,131707677
270,131698281
271,131287909
272,130827016
273,131678336
276,130358672
277,131759580
278,130860384
279,131675620
280,131670493
282,131665009
284,131733116
285,131669593
286,131729385
287,131652823
289,130989340
290,131660755
291,131726254
292,131751438
293,131672520
294,131552186
295,129807804
296,131747269
300,130999314
301,131612552
303,131608260
304,131679284
305,130250068
306,131494192
307,130860214
308,131671723
311,131645142
312,131706029
317,131696340
318,131662699
319,131696872
320,128229055
326,131622303
327,127331035
331,131719420
332,131590995
333,130875329
334,129995579
335,131678748
336,131677888
338,131534671
339,131663784
340,130718551
341,131591209
343,131290708
344,131572475
345,131449253
346,131554081
347,131579445
348,131662349
349,131504121
350,131619964
351,131537110
352,131552770
353,130915852
354,130743739
356,131676937
357,131554120
358,130939461
359,131112087
360,130359259
361,131472247
362,131466944
364,131515287
365,131715420
366,129232625
367,131435130
368,131562202
369,131519069
370,131383962
371,128992331
372,131590057
373,128011237
374,131445158
375,131617488
376,130917277
377,131355799
378,131603243
379,131331454
380,130648164
381,131318350
382,131554754
383,125585709
384,131203010
385,130540580
386,131198720
387,131191720
388,131483619
392,131540189
393,130819725
395,131267942
396,130357892
397,131500873
398,127846035
399,129450800
400,131237058
405,131502520
406,131542738
408,131138126
409,131463824
410,131503629
411,131501411
412,131363232
413,131531038
414,131622504
416,131572411
417,131461229
418,130687729
419,129271619
420,131198199
421,131310651
422,131197581
423,130528905
425,131517954
426,131112288
427,131500802
428,131620682
429,131341334
432,130707751
433,131349761
434,131039704
435,131395057
437,131435122
438,131313764
439,131620704
440,131310448
441,131310242
442,131539327
443,120382236
444,120382490
445,131352021
446,131481436
447,131300310
449,131282033
450,131005055
451,131309705
452,131466305
453,131307104
454,131577096
455,131518469
456,128905442
457,131171773
458,130328415
459,131439644
460,131588692
461,131144259
462,127109662
463,131574822
465,131352886
467,131581306
468,121370571
469,131537284
471,131435138
472,130467183
473,131217398
474,131302348
475,131338026
476,129271634
477,129271576
478,131322770
479,131215232
480,131366580
481,131132127
482,131114770
483,131112586
484,131299878
485,131252038
486,131096219
487,131084074
488,131350232
489,130320529
490,131114844
491,131522044
492,131522045
493,131101570
494,131128427
496,129256849
497,129256840
498,129256823
499,131204647
500,131358142
501,131349283
502,130563175
505,127709971
506,131771833
507,131412182
509,131085234
510,131177822
511,131310364
512,131380136
513,131353494
514,131269133
515,131419523
517,131141193
518,131503257
520,130321316
521,131087856
522,131087857
523,131087858
524,129417607
525,131154116
526,131101664
527,131465155
528,131279533
529,131030756
530,131397416
532,129933189
533,131281795
535,131125126
536,130957736
537,131188331
538,130318179
541,131099769
543,131011632
544,131010291
545,131011247
546,130786410
547,131074162
548,127637138
549,130977100
550,130455980
551,131100036
554,131403127
555,131182855
557,131112284
559,128149341
560,131128371
561,131315169
562,131205951
564,131377331
565,131261266
566,131751276
567,128082912
568,131013851
569,131777463
571,131512657
572,128981566
574,131744316
577,131786183
579,131117918
580,130991788
583,130948858
587,130364847
589,130323792
590,131783213
591,130961215
592,131755402
593,131301335
594,130637582
595,131027881
596,131028697
597,131793090
598,131386448
600,131744169
601,131694129
602,131758433
603,130611569
604,131111122
606,130972856
607,131790801
608,131685507
609,131590774
610,130139609
611,130969724
613,131700505
614,131258020
615,131699943
616,131734901
617,131391891
618,131653767
619,130965414
621,131717274
623,130977255
624,131203568
626,123534526
627,130979413
628,131031502
630,131680792
631,131591146
632,130424998
633,131619490
634,130911671
635,130916309
636,131267812
638,131668382
639,131595694
640,130375552
641,131041791
642,131478283
643,131601764
644,131387623
645,131589009
646,131531199
649,129704210
650,131551598
651,131572360
652,131373924
655,131519276
657,130335444
658,131485238
659,131445422
660,131510050
661,131604375
662,131273840
663,131398360
664,131411465
665,131325886
666,131497679
668,131468983
671,131541969
672,130390244
673,130079446
675,130796678
677,131438344
679,131379166
680,129625935
681,130582118
682,130972215
683,131481811
684,131590048
686,131349555
688,129811293
689,129813525
690,131130677
691,130788856
692,131316134
694,131607525
695,131606133
696,130424954
697,131098802
698,131037149
699,131577661
700,131138215
704,131271012
706,130971306
708,130995395
709,131583967
712,130489533
718,129144602
719,131167625
720,131521416
721,130962546
722,131209121
723,131218200
724,131481535
725,131099721
726,131025657
727,131215383
728,131273726
730,131025719
732,131014258
734,124220128
735,131025658
736,131424353
737,130196287
738,131026121
741,131189476
742,129763603
743,131417703
744,131414017
745,123936243
746,131121359
747,130424192
748,131244680
749,131217117
750,131083065
751,131190250
752,131311908
754,131142357
755,131209290
759,130142456
760,130958053
762,131732777
774,131087859
775,131087860
776,131087861
777,131087862
778,131087863
780,131749977
781,131501998
787,131661788
793,131522020
794,131522021
795,131522022
797,131522049
799,131261607
801,131000169
803,131406217
804,131268365
805,131182797
807,131692106
809,131330595
812,126656498
813,130936905
814,131478573
823,131522023
829,129401518
831,131796015
836,131318078
840,131602971
842,131717299
847,131133596
850,131662856
851,131495439
856,131773068
860,131674761
867,128742418
874,131088973
910,131621582
912,130772518
928,131624919
931,131673930
938,131337902
971,131012872
974,130078372
975,131038979
978,131022314
983,131142567
1003,131438311
1004,131438312
1005,131438313
1006,131750764
1013,131730933
1023,130440393
1026,131133167
1035,131039321
1036,130141552
1038,131580098
1046,130820168
1048,130821679
1049,123649431
1054,131478134
1060,128780129
1065,131520745
1066,130820522
1070,131570989
1076,131466282
1081,130714500
1095,131462345
1110,131081027
1112,130350686
1113,126912405
1116,128519683
1132,131775680
1139,131794864
1141,131788544
1154,131771879
1161,131421553
1162,131686585
1165,131762644
1181,131777655
1195,130889390
1220,130991829
1221,130991830
1222,130991831
1224,131476963
1230,128063837
1232,129833502
1233,129833503
1234,129833504
1235,127100510
1247,131455215
1260,131535138
1262,131554046
1264,131713185
1272,131712883
1278,117482844
1279,104798557
1280,104798506
1291,131700976
1301,119054415
1311,131467023
1313,131742267
1318,131133035
1319,131423044
1325,131404477
1327,131456030
1333,131304678
1346,130838759
1362,131166902
1367,130950276
1371,131580284
1397,131701108
1399,130530281
1401,130992089
1402,130992090
1403,130992091
1427,130604206
1447,130612211
1452,131481768
1460,130941124
1471,131436064
1474,131656092
1475,129659612
1488,131665521
1510,130991431
1511,130991432
1512,130991433
1516,131613541
1523,131565854
1536,131586048
1544,131563512
1555,131449803
1561,131594583
1562,131594012
1563,131439822
1564,131561028
1566,130018647
1576,131579770
1581,131575126
1606,131544186
1607,131544187
1608,131544188
1612,131550717
1614,131424137
1615,131431268
1617,131788500
1633,131577922
1643,131286501
1644,129025250
1656,131357005
1669,131337665
1676,131332077
1688,131011645
1692,131280649
1721,131266593
1724,123415388
1730,130598455
1733,131523999
1735,131230972
1738,129925493
1740,130760440
1769,131364999
1770,131517336
1798,131354399
1816,131769989
1826,131385951
1838,131075238
1847,129742651
1875,130440094
1877,131037164
1893,131292339
1937,129942998
1945,131091966
1955,131166479
1958,129417908
1961,131290957
1964,131483378
1985,131756505
1987,130982852
1994,130990774
2006,130989850
2010,131755354
2021,131137022
2029,131752998
2031,131745295
2032,126257140
2035,131742744
2044,131175237
2046,130982094
2062,131063359
2068,131305099
2087,130893965
2103,131698568
2110,131505547
2117,131645679
2118,131670601
2125,130406358
2143,130910452
2148,131618751
2153,130842286
2156,131621918
2161,130750961
2165,128021316
2167,131573269
2172,131455736
2181,131381566
2185,131171588
2188,130715345
2189,131427844
2194,131395612
2197,131102100
2198,131506463
2201,131302826
2202,131332808
2205,131430026
2206,130357876
2209,128954578
2213,130597855
2217,130469891
2229,131327988
2245,131306254
2249,123739185
2250,131325857
2251,131251630
2269,130444227
2270,130444226
2276,129602034
2282,130896384
2291,131205588
2292,131245226
2304,131039596
2310,130987890
2313,130991832
2314,130991833
2315,130991834
2316,130991835
2317,129833505
2318,129833506
2319,129833507
2320,129833500
2321,129833501
2341,130992092
2343,130991434
2344,130991424
2345,130991425
2346,130991426
2347,130991427
2348,130991428
2349,130991429
2350,130991430
2351,130992093
2352,130992094
2353,130992095
2355,131544189
2405,131776303
2407,131720580
2408,131505652
2411,131125665
2412,131736075
2413,131480887
2414,131724292
2417,131013766
2418,131575229
2419,130801707
2420,131748746
2423,129571221
2424,131461417
2426,129379652
2429,131674840
2430,131088160
2436,130117786
2437,130117787
2438,131422293
2439,131708277
2441,131674204
2444,130922448
2446,131514264
2447,131354753
2452,131661368
2455,131551021
2456,130785742
2457,130941191
2467,131565764
2468,128985809
2472,130785650
2473,131567182
2475,131555874
2476,131483711
2477,131472058
2479,131444491
2485,131400754
2486,127467536
2487,131602662
2490,131534684
2491,131534685
2492,131534686
2493,131478052
2500,131424167
2501,131397390
2502,131396396
2503,131243546
2504,130735954
2505,131465096
2507,131360084
2508,131181860
2509,131347475
2510,127549245
2512,131357735
2514,131504537
2515,129272023
2516,131472579
2519,131265790
2522,131186931
2524,131181516
2526,131159915
2528,131795411
2530,131373109
2533,131667393
2535,131473588
2537,131306527
2539,131368510
2543,127180796
2545,131215448
2546,131329597
2547,129440429
2548,131002450
2553,130217517
2554,131475953
2557,130982911
2560,131771961
2561,130580991
2567,130986301
2568,128791297
2569,131344808
2572,131143095
2577,130123330
2581,130978963
2583,131127284
2587,131728157
2588,131352690
2589,131732079
2593,131130259
2594,131744109
2599,131559718
2600,131700828
2606,130374490
2608,131658571
2609,131657076
2618,131009617
2627,128786501
2629,131626249
2633,130898094
2634,131606401
2636,131614756
2642,130806410
2643,131542340
2646,131460175
2647,130522466
2652,131546549
2653,130890292
2654,131536780
2655,131270404
2660,131506709
2661,131458592
2662,131504143
2664,131306489
2665,131456067
2669,131469663
2670,131456231
2677,131298968
2679,131458956
2682,131414136
2684,131326756
2694,131429932
2695,131499288
2696,131171864
2697,131298660
2704,131316750
2705,131213681
2707,129278708
2710,131211460
2712,128338769
2720,131027061
2723,129995580
2725,131195596
2728,130940396
2732,131322075
2738,131117047
2744,131026863
2750,130991195
2751,130970131
2759,131534687
2760,131534688
2765,131786792
2766,130208440
2768,131419773
2771,131179497
2772,131716171
2773,131591089
2774,129464209
2776,131436337
2780,131702651
2782,131717227
2783,131738385
2786,131679938
2787,131736920
2788,131736921
2790,130182419
2791,131743234
2792,131710956
2793,129934499
2798,131636341
2799,131710480
2801,131703996
2802,131700181
2803,131700182
2804,131700183
2805,130972001
2806,131498750
2807,131392623
2810,131620388
2811,131470066
2814,131651199
2815,131651200
2817,131587928
2819,130566382
2820,131510635
2821,131353796
2822,131210096
2824,129034115
2825,131525569
2827,130691322
2828,131372041
2829,124050164
2831,131521453
2833,128032512
2834,131497499
2835,131337983
2839,131189188
2841,131404225
2843,130706859
2844,131505321
2848,131401118
2849,130560129
2850,131344389
2853,128578304
2854,131272291
2855,131257718
2856,127914111
2857,131398432
2858,131243420
2859,129601282
2861,131415041
2862,130439440
2863,131252736
2864,130946446
2866,129701297
2867,131412905
2868,129887110
2869,128580693
2871,124054145
2872,131002624
2873,131339436
2876,131780984
2877,131156242
2881,131208564
2882,131168123
2883,126969724
2884,126969674
2891,130978564
2892,129923534
2893,124046929
2894,131779646
2895,129351913
2901,131215304
2904,131435155
2905,130319201
2906,130280144
2910,130981689
2911,126924791
2913,130969125
2915,129945390
2920,131722142
2924,131734266
2926,131268575
2928,131430514
2930,131701309
2931,131076240
2932,131698427
2933,131673906
2934,131049398
2935,131116443
2939,131247369
2941,131089115
2942,131608282
2945,131712649
2951,131408749
2956,131625665
2957,131623049
2959,131630395
2960,131537112
2961,131611781
2966,131388784
2967,131570679
2969,131467272
2973,131455138
2974,131168676
2975,131377627
2978,131456037
2981,129644042
2982,131274066
2984,129644538
2985,129705534
2986,131171817
2987,131349404
2989,131158679
2993,128676228
2994,129923825
2999,131057671
3003,131002393
3004,131397366
3005,131109652
3006,131291273
3007,131396093
3008,131396094
3010,131147848
3014,130436634
3017,131038876
3020,130433096
3022,131252079
3030,131026693
3032,131214177
3034,130135905
3038,131039716
3040,130994301
3043,131700184
3044,131700185
3045,131700186
3047,124053575
3069,131517455
3104,131738173
3129,131485324
3133,126966739
3137,131769654
3166,131703579
3170,131027274
3176,131696598
3180,131526859
3212,131671087
3225,131527985
3230,119327979
3240,131676787
3273,131450516
3291,131141416
3300,129988464
3308,129313020
3311,129313284
3328,131665651
3333,131386415
3366,130797005
3367,130797156
3368,130797204
3398,130850742
3418,131622365
3419,131622366
3420,131622367
3423,131613720
3451,131585582
3467,130956371
3480,131625963
3494,131348303
3503,131561759
3531,131483321
3536,131399921
3543,131498457
3584,131267775
3590,131792816
3643,131372538
3645,126389801
3653,129249372
3687,131775968
3693,131412209
3707,131246938
3772,130428674
3773,130232929
3783,131105499
3791,131142220
3822,130388573
3827,130981161
3832,131447126
3856,131709770
3857,131706830
3864,130972742
3865,130972310
3866,131692955
3874,131218934
3894,131667771
3903,131616627
3904,130784836
3938,130758539
3941,130758504
3950,131558942
3969,131083705
4018,128868282
4027,131195187
4038,131229299
4046,131028040
4055,131097146
4058,131206017
4062,131078147
4087,131028009
4098,129935467
4111,130988719
4120,131211730
4123,131307537
4124,131309911
4125,131315882
4137,131450520
4164,131774143
4167,131742734
4173,131622368
4191,131793946
4192,131418895
4193,131795206
4194,131753808
4195,131056071
4196,131209639
4197,131773043
4198,131203085
4199,131197002
4200,131740117
4201,131113064
4202,131770707
4203,131746584
4204,131749832
4205,131746794
4206,131133212
4208,131541827
4209,131541828
4210,131734229
4212,131576330
4213,131099697
4214,131209760
4215,131678937
4216,131206509
4217,131700859
4218,131613384
4219,131169298
4220,131169026
4221,131782229
4222,131603548
4223,131659589
4224,131695649
4225,131360090
4226,130868767
4227,131400629
4228,131660800
4229,131429263
4230,131679790
4231,131603861
4232,130142271
4233,131482207
4234,131555891
4235,131587972
4236,131691058
4237,131572681
4238,131372645
4239,131606599
4240,131680292
4241,131244104
4242,131406734
4243,131602977
4244,131587569
4245,131719707
4246,131579959
4247,131673773
4248,131269587
4249,130936620
4250,130566594
4251,131544790
4252,131578086
4253,131616456
4254,131631693
4255,131631694
4256,131557764
4257,131429349
4258,131269152
4259,131725556
4260,130475724
4261,131438436
4262,130541924
4263,131688344
4264,131562095
4265,131100942
4266,130963544
4267,131056511
4268,131672593
4269,131672778
4270,131590303
4271,130916184
4272,131019093
4273,131622661
4274,130946387
4275,130251315
4276,131296820
4277,131172403
4278,131097579
4279,131247466
4280,131269580
4281,131058366
4282,131273269
4283,131624950
4284,131302677
4285,131128033
4286,131673052
4287,129538133
4288,131065180
4289,131055702
4290,131269023
4291,131445948
4292,129537501
4293,131426644
4294,131426645
4295,131395561
4296,130770696
4297,131461402
4298,131591471
4299,131482158
4300,131314364
4301,131167723
4302,131351007
4303,131318472
4304,131256326
4305,130994406
4306,131083362
4307,131173921
4308,130139818
4309,128032201
4310,130983739
4311,131094002
4312,130975310
4313,131167750
4314,131794265
4315,131184019
4316,131428385
4317,130699864
4318,131330665
4319,131007637
4320,131130494
4321,131139499
4322,131130314
4323,131276843
4324,131790268
4325,130963719
4326,130458289
4327,130999788
4328,131584631
4329,131424512
4330,131424513
4331,131424514
4332,131432032
4333,131310061
4334,131352164
4335,130504176
4336,131551534
4337,131230133
4338,131358705
4339,131357787
4340,131746116
4341,131483613
4342,131207979
4343,131156422
4344,131397448
4345,131483612
4346,131168527
4347,131168465
4348,131084844
4349,131463047
4350,131429521
4351,131075327
4352,131738373
4353,130741030
4354,130336114
4355,131272702
4356,131396444
4357,131449970
4358,126825379
4359,131379107
4360,130976210
4361,131158592
4362,131081971
4363,131741269
4364,131144878
4365,131745719
4366,130553766
4367,131085839
4368,131417825
4369,131417826
4370,131680362
4371,131259451
4372,131167686
4373,131747506
4374,131413914
4375,131714299
4376,130583866
4377,131714341
4378,131013138
4379,131482209
4380,131711780
4381,131676094
4382,131678925
4383,131706123
4384,131661202
4385,131655170
4386,131662783
4387,131586959
4388,131663058
4389,130949327
4390,131622931
4391,131023901
4392,131679151
4393,130968069
4394,129714818
4395,130151281
4396,131468604
4397,131553630
4398,131622531
4399,131537969
4400,130777377
4401,131512239
4402,130316483
4403,131540130
4404,130767557
4405,131462668
4406,131517612
4407,131515985
4408,131581780
4409,130743401
4410,131473569
4411,131578430
4412,130840642
4413,131395074
4414,131538374
4415,131394740
4416,131535371
4417,131337310
4418,131409195
4419,131308429
4420,131166647
4421,130868304
4422,131033080
4423,130316482
4424,131439836
4425,131339042
4426,127718522
4427,131273738
4428,130620147
4429,131392092
4430,131392030
4431,131391927
4432,131041451
4433,131452088
4434,131035792
4435,131200935
4436,131000846
4437,130976978
4438,130504090
4439,131217032
4440,126741551
4441,123530141
4442,131101054
4443,131101055
4444,131166250
4445,131097287
4446,131126920
4447,131056132
4448,130966555
4449,130990183
4450,131424515
4452,131522097
4453,131522098
4454,131522034
4455,131522035
4456,131521938
4460,131056031
4468,131712644
4469,131497233
4470,131502305
4471,131376480
4472,131398055
4473,130560028
4474,130371501
4477,131025949
4478,131302257
4480,131532062
4481,131532017
4482,131531925
4485,130957964
4488,131564140
4493,131310740
4494,131298027
4497,131351987
4499,131244015
4500,131430371
4503,131248107
4504,131376773
4505,129577450
4509,130986323
4510,130986324
4515,131647609
4516,131439632
4517,131552398
4519,131395797
4520,128525575
4521,131251928
4531,131732500
4537,131755298
4543,131676209
4544,129555760
4547,131667822
4553,131668019
4554,131494130
4568,131509568
4573,131071052
4574,130791964
4576,130791758
4586,131410457
4587,131391463
4588,131389489
4592,131316216
4593,131315498
4594,131315255
4595,131314747
4602,131315287
4603,131351130
4612,131068205
4616,131351038
4625,131037182
4630,129320672
4637,130962177
4640,131653357
4649,131510397
4652,131780652
4653,131653922
4670,131620714
4687,131790496
4709,131783047
4712,131056955
4752,130937456
4767,131793706
4789,131211077
4790,131771876
4791,131599083
4803,131783703
4809,130612442
4822,131781417
4824,131531761
4826,130359118
4827,130359172
4828,130359232
4829,130762665
4834,131602874
4847,131782895
4851,131327106
4852,131326994
4857,131326514
4861,130951921
4870,131495704
4874,131481962
4883,131498753
4885,131791601
4907,131018167
4910,131494763
4928,130977145
4929,131002321
4932,131753266
4948,131034228
4959,131785057
4960,131753822
4965,129431924
4967,131419890
4969,131711869
4971,131002264
4976,131768826
4979,131768164
4980,131617412
4982,131323538
5000,131737914
5007,131196941
5012,131479815
5018,131747710
5027,131723140
5058,130164913
5061,91082028
5063,131710721
5070,131311324
5072,131223800
5078,131617823
5079,131665052
5081,131638268
5087,129453232
5093,131395704
5100,131223801
5101,131748949
5110,131731972
5118,130977095
5151,128967043
5155,131716029
5179,131334195
5194,131273067
5208,131722880
5210,131202161
5211,130100787
5221,131721928
5231,131612827
5232,131746699
5235,131423583
5245,131449264
5259,131584215
5272,131272679
5277,130947213
5280,131072741
5298,131680968
5318,131756778
5353,131685612
5376,131706041
5377,131183149
5381,131085037
5385,131473501
5386,128706629
5388,129442436
5394,131707823
5398,131673181
5399,131543125
5404,130973796
5406,131392271
5408,130805429
5414,129673016
5429,131726184
5430,131726185
5431,131272852
5442,131215861
5457,131667304
5458,130536829
5463,131696759
5467,131707867
5487,131713908
5492,130359270
5514,128074899
5526,131529666
5531,131619931
5539,131715090
5547,130692086
5555,130917469
5560,131595662
5592,131672130
5606,130220887
5611,131637593
5703,131581690
5707,131601049
5721,130829540
5731,130677309
5749,131680983
5768,131530844
5779,131606651
5805,131492521
5825,131415040
5833,131516650
5838,131600374
5845,130393834
5868,131459255
5874,131621511
5898,130374976
5899,131472191
5949,131351051
5961,131536589
5973,130984708
5974,130984709
5995,131615898
6000,131610177
6017,131420451
6040,131433112
6045,131548878
6051,131586135
6056,131344428
6077,131529936
6080,131460945
6082,129574019
6091,130640448
6092,130539193
6112,131566463
6125,128904334
6139,130363133
6157,131521817
6161,131479798
6180,131587829
6182,131161083
6184,131269987
6200,131297853
6208,131565811
6214,131389712
6215,131591510
6226,129392099
6245,131519937
6293,131452199
6301,131553911
6304,131553269
6306,131676010
6307,131554170
6308,129967402
6309,129963062
6310,129024920
6311,131623646
6312,131623647
6313,131623648
6314,131127126
6315,131124682
6316,131100016
6317,131623649
6319,130072625
6320,131788653
6321,130893366
6325,130242203
6327,131054969
6328,129701968
6330,131752419
6331,131739530
6333,131728596
6334,130355565
6335,131041431
6336,131373711
6337,131258970
6338,131577408
6339,131183028
6345,131041481
6346,131041500
6347,131041487
6348,130991117
6349,131709240
6350,131715479
6353,128489437
6354,128489438
6355,128489439
6356,130298819
6357,130298820
6358,131701079
6359,131311560
6360,131689877
6361,131690364
6363,130407784
6366,121478088
6369,131624913
6376,131013567
6378,131602383
6379,131600059
6383,131579152
6384,131589001
6389,130806839
6392,130241722
6395,131464335
6396,128954268
6397,131475998
6398,131523337
6399,130652637
6400,131297490
6402,128498124
6403,131296461
6404,131483840
6405,131482757
6409,131477982
6410,131212654
6415,131293448
6419,130954443
6422,131262263
6426,129901597
6431,131315901
6440,131163282
6441,131162752
6442,131260123
6446,130298834
6447,131163242
6448,131163133
6449,131162959
6452,131158932
6453,130967349
6457,131068859
6459,130527097
6460,130661215
6467,131161409
6471,130978811
6473,128489450
6474,129837946
6475,129837947
6476,129837949
6477,129464912
6478,129464913
6479,129464914
6480,129464915
6481,129464902
6482,129464903
6483,129464904
6484,129464905
6485,129464906
6486,129464907
6487,129464908
6488,129464910
6489,129464911
6490,129464892
6491,129464894
6492,129464896
6493,129464897
6494,129464898
6495,129464899
6496,129464900
6497,129464901
6498,129464887
6499,129464888
6500,129464891
6501,131149494
6502,131149495
6503,131149496
6504,130298831
6505,130298832
6506,130298833
6507,130298827
6508,130298828
6509,130298829
6510,130298830
6511,130298824
6512,130298825
6513,130298826
6514,130298821
6515,130298822
6516,130298823
6517,130949508
6518,130949509
6529,131520354
6536,131757997
6544,131600219
6545,131616656
6546,131547240
6548,131548681
6549,131548489
6550,129400966
6551,131357152
6552,131169614
6553,131066991
6558,130329563
6559,130827392
6562,130375495
6563,131516497
6564,131516498
6565,131038998
6566,131513882
6567,131733350
6568,131737165
6569,131679937
6570,131008177
6571,131637493
6572,131645318
6573,131565578
6574,131609336
6575,131502852
6576,130098946
6577,128020964
6578,131275217
6579,131271883
6580,131430684
6581,131200614
6582,131714894
6583,131714943
6584,129436816
6587,131587484
6589,131221268
6590,126416685
6591,131239791
6592,131742803
6593,131704984
6594,130953602
6595,131626601
6596,130957400
6598,131116007
6599,131494293
6600,131590650
6601,130709345
6602,131071631
6603,131781844
6604,131099200
6605,131283607
6606,131686790
6607,131693106
6608,131160503
6609,131349618
6610,131537534
6611,131532450
6612,130801781
6613,131668807
6614,131108681
6615,131287318
6616,131148924
6617,130368212
6618,131569485
6619,131141608
6620,131025059
6621,131678944
6622,131705712
6623,131483162
6624,129623646
6625,131247752
6662,131657328
6668,131652571
6672,129273642
6837,131667143
6876,131515200
6961,131732707
6981,131130265
6993,131267535
7005,131087536
7015,130097088
7104,130100497
7137,131379440
7224,130910744
7301,131253619
7373,131519946
7419,130800239
7462,130862336
7496,130825407
7545,131281788
7582,128031380
7653,131427065
7689,131319410
7690,131319411
7711,131559117
7712,131559036
7720,130475774
7804,131427149
7805,131427150
7807,131420840
7843,131055337
7844,131055338
7874,130524603
7906,131464103
7939,131055207
7940,131055208
7947,130641725
8056,131389777
8080,131636074
8099,131426303
8183,130436012
8212,131266007
8219,130913479
8255,127765105
8263,131331278
8376,130695384
8423,129214315
8437,131502560
8438,131423992
8439,130939680
8440,130939681
8441,130939682
8442,131126702
8443,131126703
8444,130217518
8445,131007666
8446,131038356
8447,131771210
8448,131038334
8450,131782367
8451,131172112
8452,131587288
8453,131745803
8454,131745813
8455,131493532
8456,131611473
8457,131656202
8458,131794753
8459,131769628
8460,131759055
8461,131780900
8462,131367730
8463,131328598
8464,131740204
8465,131723424
8466,131755904
8467,131346886
8468,131111409
8469,131207516
8470,131011557
8471,131745454
8472,131009234
8473,130701464
8474,131579806
8475,131106898
8476,131033648
8477,131211990
8478,125435906
8479,131542350
8480,129763454
8481,130925123
8482,131708096
8483,131095361
8484,131093916
8485,131572200
8486,131677073
8487,131621890
8488,131657155
8489,131497503
8490,131485399
8491,131603241
8492,130533828
8493,131495825
8494,131496713
8495,127380456
8496,131540438
8497,131152066
8498,131445504
8499,130504799
8500,131599808
8501,131447112
8503,131267736
8504,131376421
8505,118170032
8506,131049427
8507,131547222
8508,131409985
8509,131059572
8510,131494712
8511,130579704
8512,131511871
8513,131244644
8514,130421487
8515,131090803
8517,131041239
8518,131140517
8519,131140518
8520,127455766
8521,129921914
8522,131349427
8523,126982677
8524,131252619
8525,131394792
8526,130486961
8527,131386489
8528,131328461
8529,131124492
8530,131182595
8531,131137439
8532,131158678
8533,130994488
8534,131166884
8535,131051449
8536,129290464
8537,130408163
8538,131067294
8539,130939683
8540,130939673
8541,130939674
8542,130939675
8543,130939676
8544,130939677
8545,130939678
8546,130939679
8547,130939672
8553,130900758
8582,131373676
8588,131534217
8590,131199210
8640,131176718
8641,131781668
8642,131772074
8643,130916507
8644,131734371
8645,131728806
8646,131679133
8647,131738352
8648,129194656
8649,128998312
8650,131679180
8651,131696320
8652,131692924
8653,130915250
8654,131702563
8655,131712147
8656,131637538
8657,131644612
8658,127654614
8659,131516166
8660,131623533
8661,131476823
8662,131469992
8663,131586114
8664,131613950
8665,131588915
8666,131516313
8667,131443675
8668,130685144
8669,130949309
8670,131550075
8671,128473664
8672,131543623
8673,131541020
8674,129478666
8675,131501625
8676,131097423
8677,129586320
8678,131510319
8679,131463157
8682,131482656
8683,131259805
8684,131261019
8685,131137020
8686,128880394
8687,131210695
8688,131192929
8689,131426256
8690,131350830
8691,126852879
8693,130601017
8694,131314522
8695,131431336
8696,129609435
8697,131141301
8698,123149461
8699,131201448
8700,130316117
8702,131075657
8703,131201873
8705,120855552
8706,123528201
8708,128840817
8709,129416108
8711,130964525
8712,130951656
8713,131032338
8714,131029581
8715,124768153
8717,130412755
8718,127843549
8719,130871064
8721,131654419
8722,131671780
8723,131522450
8726,131460125
8731,131341799
8739,131274317
8745,131098208
8748,131460871
8765,131777567
8766,131607371
8780,131175405
8786,130541775
8813,130231761
8820,131709589
8839,131703839
8844,128141131
8857,131350494
8865,131640460
8867,131741395
8872,131713135
8882,130924322
8888,97874737
8891,129670445
8892,130836875
8897,131636279
8903,131674179
8907,130739598
8912,130150702
8921,130792403
8937,131422138
8942,131620343
8984,130806910
8987,130925458
8996,130796398
9001,130621369
9004,131396637
9005,130841800
9022,131352302
9025,131337994
9034,131422556
9059,131438193
9060,131438169
9092,131173214
9101,131357331
9107,131345799
9122,129317220
9125,131075310
9138,130246153
9150,131099818
9154,131214067
9157,130972962
9166,127943076
9170,131267638
9171,131100359
9176,131024024
9187,129589216
9201,131094918
9210,131780534
9216,130959086
9271,131489706
9327,131373322
9334,131701075
9363,129269951
9368,131711939
9369,129977151
9376,130976268
9377,130735768
9389,130736078
9394,131251468
9395,131377965
9409,131691032
9420,131678457
9431,131663710
9441,131623074
9455,129710685
9498,131600682
9500,130921898
9518,129869217
9531,131575477
9541,131593592
9549,131597267
9554,130182466
9555,130182439
9556,130182440
9557,130182441
9558,130182442
9559,130182443
9560,130182444
9561,130182445
9562,130173794
9581,123436284
9589,131603398
9594,131570804
9604,131544527
9622,131471783
9625,131360086
9626,130941729
9634,131330168
9654,131390820
9658,130633645
9663,128561609
9669,131247352
9673,131383943
9683,131278456
9688,129717186
9715,131129620
9730,131317657
9734,131336639
9758,131159424
9761,131358319
9769,129976553
9796,131193656
9815,130109818
9823,131019804
9826,131131931
9844,131076497
9848,130500737
9859,130960124
9869,130975736
9870,130981068
9904,131772504
9935,130560265
9956,130235149
10065,131651748
10132,131626753
10178,131494049
10180,130758326
10196,131698935
10260,131534166
10263,131396846
10270,131429969
10272,131430010
10290,131430062
10370,126817489
10385,126505914
10386,126505915
10399,131187533
10472,131035182
10609,130601518
10639,131732721
10694,131699726
10704,131126033
10706,130930697
10737,131006594
10771,131663407
10773,130908740
10787,131057418
10804,131626751
10972,131393648
10987,130487613
11030,130443458
11034,131353464
11121,128875011
11122,128974247
11130,129582908
11144,130209272
11155,130631675
11167,130891219
11168,130957419
11199,131050477
11209,131116195
11289,131126104
11292,131351181
11293,131115534
11320,131769058
11321,131775517
11340,129945040
11368,131391577
